Secretaria,Nombre,Homoclave,Dependencia,Modalidad,Fundamento,Descripcion,Resultado,Cuando,Quien,Costo,Tardanza,Resolucion,Requisitos,Copias,Responsable,Vigencia,Proceso,Imagen,Link
Secretaría de Ayuntamiento,Expedición de constancia / Carta de abandono de hogar.,SAMJ/01,Secretaría de Ayuntamiento,Presencial,Artículo 17 Fracción XXIX del Reglamento Orgánico del Gobierno Municipal de Juárez N.L.,Expedición de constancia / Carta de abandono de hogar a petición del interesado.,Constancia.,A solicitud del interesado.,El interesado~~ que se encuentre en el supuesto.,Gratuito.,1-3 días hábiles tras reunir requisitos.,De encontrarse en el supuesto solicitado y reunidos los requisitos~~ se entrega la constancia de abandono de hogar debidamente firmada y sellada.,Identificación con fotografía oficial y vigente (INE) del interesado y de los testigos.||Acta de matrimonio.||Acta de nacimiento de los hijos (en su caso).||Comprobante de domicilio (recibo de agua o equivalente).||Contrato de arrendamiento y copia de INE del propietario (si no es propietario del predio).||Carta o escrito del juez auxiliar.,1 copia.,Adscritos a la Secretaría del Ayuntamiento.,30 Días.,Paso 1: Interesado con sus dos testigos acude a la oficina de cartas y constancias~~ con los documentos requeridos en original y copia.||Paso 2: Personal de la oficina de cartas y constancias revisa los documentos~~ devolviendo los originales después de su cotejo.||Paso 3: Si cumple con los requisitos~~ se elabora la carta o constancia con los datos proporcionados por el interesado y los testigos.||Paso 4: Se solicita que tanto el interesado como los testigos revisen que los datos contenidos en la constancia sean correctos una vez verificados los datos~~ proceden a firmarla.||Paso 5: Se remite la carta/constancia de abandono de hogar (adjuntando las copias de los documentos) a la Secretaría del Ayuntamiento para recabar la firma del titular de la secretaría.||Paso 6: Una vez estampada la firma del titular de la Secretaría del Ayuntamiento y debidamente sellada~~ se devuelve la carta/constancia a la oficina de cartas y constancias.||Paso 7: El interesado se presenta en la oficina de cartas y constancias para recibir su carta/constancia de abandono de hogar.,185zYsAwRY_ylGvavhQsW1kBZucYVXfnx,1
Secretaría de Ayuntamiento,Expedición de carta / Constancia de dependencia económica.,SAMJ/05,Secretaría de Ayuntamiento,Presencial,Artículo 17 Fracción XXIX del Reglamento Orgánico del Gobierno Municipal de Juárez N.L.,Cuando se quiere constar la dependencia económica a petición del solicitante.,Constancia.,Cuando se quiere constar la dependencia económica a petición del solicitante.,Ciudadanos en general del municipio de Juárez~~ que necesiten hacer constar su dependencia económica para realizar trámite diverso.,Gratuito.,1-3 días hábiles tras reunir requisitos.,De encontrarse en el supuesto solicitado y reunidos los requisitos~~ se entrega la carta / constancia de dependencia económica~~ debidamente firmada y sellada.,1 fotografía del interesado o del estudiante~~ en su caso.||Identificación con fotografía oficial y vigente (INE) del interesado con residencia en el municipio de Juárez (requisito para los mayores de edad).||Acta de nacimiento del interesado.||Comprobante de estudios (si es para becas).||Comprobante de domicilio (de luz o agua).||En caso de menores de edad~~ acompañarse de padre o tutor.,1 copia.,Adscritos a la Secretaría del Ayuntamiento.,30 Días.,Paso 1: Interesado (a) acude a la oficina de cartas y constancias~~ con los documentos requeridos en original y copia~~ (en caso de ser menor de edad presentarse también el padre~~ madre o tutor del menor).||Paso 2: Personal de la oficina~~ recibe y revisa documentos~~ devolviendo originales después de su cotejo.||Paso 3: Si cumple con los requisitos~~ personal de la oficina elabora la carta/constancia con los datos proporcionados por el interesado (a)~~ agregando la fotografía del interesado en la misma carta.||Paso 4: Personal de la oficina solicita que el interesado (a) revise que los datos contenidos en la constancia sean correctos; una vez verificados los datos~~ procede a firmarla. (En caso de menor de edad~~ la firma es del padre~~ madre o tutor).||Paso 5: Se remite la carta/constancia de dependencia económica (adjuntando las copias de los documentos) a la Secretaría del Ayuntamiento para recabar la firma del titular de la secretaría.||Paso 6: Una vez estampada la firma del titular de la Secretaría del Ayuntamiento y debidamente sellada~~ se devuelve la carta/constancia a la oficina de cartas y constancias.||Paso 7: El interesado se presenta en la oficina de cartas y constancias para recibir su carta/constancia.,1xMXjWxwoWDPpvg1eKXU7c9p7rN4hQFjA,2
Secretaría de Ayuntamiento,Expedición de constancia de domicilio.,SAMJ/02,Secretaría de Ayuntamiento,Presencial,Artículo 17 Fracción XXIX del Reglamento Orgánico del Gobierno Municipal de Juárez N.L.,Expedición de carta / Constancia de domicilio a petición del interesado.,Constancia.,A solicitud del interesado.,Ciudadanos en general del municipio de Juárez~~ que necesiten hacer constar su residencia en el municipio de Juárez~~ Nuevo León.,Gratuito.,1-3 días hábiles tras reunir requisitos.,De encontrarse en el supuesto solicitado y reunidos los requisitos~~ se entrega la carta / constancia debidamente firmada y sellada.,1 fotografía del interesado.||Identificación con fotografía oficial y vigente (INE) del interesado y de los testigos (con residencia en el municipio de Juárez~~ N.L.).||Acta de nacimiento del interesado.||Comprobante de domicilio (recibo de agua~~ o en su ausencia~~ recibo de retención del salario de infonavit o de asignación de fomerrey~~ o contrato de arrendamiento y copia de INE del propietario si no es propietario del predio).,1 copia.,Adscritos a la Secretaría del Ayuntamiento.,30 Días.,Paso 1: Interesado con sus dos testigos acude a la oficina de cartas y constancias~~ con los documentos requeridos en original y copia.||Paso 2: Personal de la oficina recibe y revisa los documentos~~ devolviendo los originales después de su cotejo.||Paso 3: Si cumple con los requisitos~~ personal de la oficina elabora la carta/constancia con los datos proporcionados por el interesado y los testigos~~ pegando la fotografía del interesado en la misma carta.||Paso 4: Personal de la oficina solicita que tanto el interesado como los testigos revisen que los datos contenidos en la constancia sean correctos; una vez verificados los datos~~ proceden a firmarla.||Paso 5: Se remite la carta/constancia de domicilio (adjuntando las copias de los documentos) a la Secretaría del Ayuntamiento para recabar la firma del titular de la secretaría.||Paso 6: Una vez estampada la firma del titular de la Secretaría del Ayuntamiento y debidamente sellada~~ se devuelve la carta/constancia a la oficina de cartas y constancias.||Paso 7: El interesado se presenta en la oficina para recibir su carta/constancia.,1EmtfFoq3mPoTUCiCKdWAJ7f9Ks3nEdBs,3
Secretaría de Ayuntamiento,Expedición de carta / Constancia de identidad.,SAMJ/06,Secretaría de Ayuntamiento,Presencial,Artículo 17 Fracción XXIX del Reglamento Orgánico del Gobierno Municipal de Juárez N.L.,Expedición de carta / Constancia de identidad a petición del interesado.,Constancia.,A solicitud del interesado.,Ciudadanos en general del municipio de Juárez~~ que necesiten hacer constar su identidad.,Gratuito.,1-3 días hábiles tras reunir requisitos.,De encontrarse en el supuesto solicitado y reunidos los requisitos~~ se entrega la constancia~~ debidamente firmada y sellada.,1 fotografía del interesado.||Identificación con fotografía oficial y vigente (INE) del interesado y de los testigos (con residencia en el municipio de Juárez).||Acta de nacimiento del interesado.||Comprobante de domicilio (recibo de agua~~ recibo de retención del salario de infonavit o de asignación de fomerrey~~ o contrato de arrendamiento y copia de INE del propietario).||En caso de menores no inscritos en el registro civil~~ se requiere la constancia de nacido vivo.,1 copia.,Adscritos a la Secretaría del Ayuntamiento.,30 Días.,Paso 1: Interesado con sus dos testigos acude a la oficina de cartas y constancias con los documentos requeridos en original y copia.||Paso 2: Personal de la oficina recibe y revisa los documentos~~ devolviendo los originales después de su cotejo.||Paso 3: Si cumple con los requisitos~~ personal de la oficina elabora la carta/constancia con los datos proporcionados por el interesado y los testigos~~ pegando la fotografía del interesado en la misma carta.||Paso 4: Personal de la oficina solicita que tanto el interesado como los testigos revisen que los datos contenidos en la constancia sean correctos; una vez verificados los datos~~ proceden a firmarla.||Paso 5: Se remite la carta/constancia de identidad (adjuntando las copias de los documentos) a la Secretaría del Ayuntamiento para recabar la firma del titular de la secretaría.||Paso 6: Una vez estampada la firma del titular de la Secretaría del Ayuntamiento y debidamente sellada~~ se devuelve la carta/constancia a la oficina de cartas y constancias.||Paso 7: El interesado se presenta en la oficina para recibir su carta/constancia.,1U98mItri62YQh5CP733wLwsj2O7ZfKMO,4
Secretaría de Ayuntamiento,Expedición de constancia de unión libre.,SAMJ/04,Secretaría de Ayuntamiento,Presencial,Artículo 17 Fracción XXIX del Reglamento Orgánico del Gobierno Municipal de Juárez N.L.,Expedición de constancia de unión libre a petición de los solicitantes.,Constancia.,Cuando se quiere constar la unión libre a petición de los solicitantes.,Ciudadanos del municipio de Juárez~~ que necesiten hacer constar el supuesto indicado.,Gratuito.,1-3 días hábiles tras reunir requisitos.,De encontrarse en el supuesto solicitado y reunidos los requisitos~~ se entrega la carta / constancia de unión libre~~ debidamente firmada y sellada.,Identificación con fotografía oficial y vigente (INE) de los interesados y de los testigos (con residencia en el municipio de Juárez).||En su caso~~ acta de nacimiento de los hijos que procrearan como pareja.||Comprobante de domicilio: recibo de agua~~ o en su ausencia~~ recibo de retención del salario de infonavit o de asignación de fomerrey~~ si no es propietario del predio presentar Contrato de arrendamiento y copia de INE del propietario.,1 copia.,Adscritos a la Secretaría del Ayuntamiento.,30 Días.,Paso 1: Interesados (la pareja) con sus dos testigos acuden a la oficina de cartas y constancias~~ con los documentos requeridos en original y copia.||Paso 2: Personal de la oficina recibe y revisa los documentos~~ devolviendo los originales después de su cotejo.||Paso 3: Si cumple con los requisitos~~ personal de la oficina elabora la carta con los datos proporcionados por los interesados y los testigos~~ pegando la fotografía del interesado en la misma carta.||Paso 4: Personal de la oficina solicita que tanto los interesados como los testigos revisen que los datos contenidos en la constancia sean correctos; una vez verificados los datos~~ proceden a firmarla.||Paso 5: Se remite la carta/constancia de unión libre (adjuntando las copias de los documentos) a la Secretaría del Ayuntamiento para recabar la firma del titular de la secretaría.||Paso 6: Una vez estampada la firma del titular de la Secretaría del Ayuntamiento y debidamente sellada~~ se devuelve la carta/constancia a la oficina de cartas y constancias.||Paso 7: Los interesados se presentan en la oficina para recibir su carta/constancia de unión libre.,1MkRlofC1xcKTRnSjPYBrR7EXTMfJuHqG,5
Secretaría de Ayuntamiento,Procedimiento de mediación.,CMAMJ/01,Dirección de Justicia Cívica,Presencial,Reglamento del Centro de Mecanismo Alternativo y la Ley de Mecanismos Alternativos y de Solución de Controversias del Estado de Nuevo León.,El solicitante acude al centro de mediación y llena la solicitud correspondiente~~ presentando su credencial para votar vigente. se agenda y elabora invitación para participar en proceso de mediación.,Convenio o acta de conclusión en caso de no llegar a un acuerdo.,Cuando exista un conflicto entre dos o más personas~~ para evitar llegar a lo legal.,Cualquier persona física o moral~~ dependiendo del caso.,Gratuito.,1 hora aprox por sesión.,Una vez que llevaron el procedimiento de mediación~~ deciden si llegan a un acuerdo o de lo contrario se les entrega su acta de conclusión.,Credencial de elector o licencia de conducir para personas físicas.||Poder notarial en caso de personas morales.||Copias simples de las actas de nacimiento de los hijos y acta de matrimonio según sea el caso para pensiones alimenticias y convivencias.,1 copia.,Directora.,Indefinida.,Paso 1: Llenar solicitud - el interesado (parte A) acude al centro de mediación y llena la solicitud correspondiente~~ anexando su copia de identificación con fotografía.||Paso 2: Etapa introductoria - el facilitador orienta y explica al solicitante (parte A) en qué consisten y cómo funcionan los mecanismos alternativos.||Paso 3: Evaluación - el facilitador evalúa el caso y decide si es susceptible de mediación.||Paso 4: Invitación (citatorio) - se emite una invitación al interesado (parte B) para que se presente en el centro para mediación.||Paso 5: Primera sesión (sesión conjunta) - facilitador propicia el diálogo entre las partes permitiéndoles~~ a través de sus alternativas~~ solucionar el conflicto.||Paso 6: Conclusión - en mediación~~ si ambas partes llegan a un acuerdo~~ el facilitador redactará el acuerdo obtenido; si no llegan a un acuerdo~~ se emite un acta de conclusión.,1nibnqNsMVJAnGvsMh1ntxKUGY1Pjwn3J,6
Secretaría de Ayuntamiento,Revalidación de anuencia municipal.,SAMJ/07,Dirección de Espectáculos y Alcoholes,Presencial,Artículo 21 del Reglamento Orgánico del Gobierno Municipal de Juárez N.L.~~ Artículo 29 y demás relativos del Reglamento para la Regulación de la Venta y Consumo de Bebidas Alcohólicas en el Municipio de Juárez~~ N.L.,Acto administrativo con vigencia anual que renueva la vigencia de la anuencia municipal expedida en términos del reglamento de la materia~~ que se realiza previa solicitud~~ acreditando no tener adeudos fiscales municipales y el pago de los derechos correspondientes.,Constancia de la revalidación.,A más tardar el 28 de febrero de cada año.,Ciudadano y persona moral (los contribuyentes registrados en el padrón de alcoholes del municipio de Juárez~~ N.L.).,Se cubrirán las cuotas de acuerdo a lo establecido en el artículo 58 bis de la Ley de Hacienda para los municipios del estado de Nuevo León~~ según el giro autorizado.,1-5 días hábiles tras requisitos y pago.,Cumplir con los requisitos para realizar el trámite~~ en caso de omisión en el cumplimiento de los requisitos la dirección de espectáculos y alcoholes se abstendrá de recibir la solicitud~~ informando al solicitante de su omisión para que la subsane.,Presentar ante la dirección de espectáculos y alcoholes escrito en el que solicita la revalidación de su anuencia~~ acreditar no tener adeudos fiscales municipales y haber realizado el pago de derechos correspondiente.,1 copia.,Director de Espectáculos y Alcoholes.,1 Año.,Paso 1: El solicitante/interesado presenta su solicitud a la dirección de espectáculos y alcoholes.||Paso 2: Recepción y revisión de la solicitud y documentación.||Paso 3: Revisión administrativa de la solicitud.||Paso 4: Dirección de ingresos realiza el cobro de los derechos.||Paso 5: Recepción del pago y entrega del comprobante.||Paso 6: El solicitante regresa a espectáculos y alcoholes con el comprobante de pago.||Paso 7: Elaboración del documento de revalidación de la anuencia.||Paso 8: Entrega del documento final al solicitante.,1ZVyR0KTUxvrbMYumilbX08O1bEyriKUw,7
DIF,Apoyo escolar.,DMJ/02,DIF,Presencial,Articulo 144~~ Fracción II~~ del Reglamento Orgánico.,Conocer la estructura familiar~~ ingresos económicos en la familia~~ para evaluar si el ciudadano requiere el apoyo social~~ en base a este estudio se canaliza con la maestra de apoyo escolar para que brinde una orientación y agende su seguimiento.,Apoyo escolar para el menor.,Dependiendo de la agenda escolar.,Ciudadano del municipio de Juárez.,Gratuito.,Inmediato según valoración escolar.,De acuerdo a la valoración y detección del rezago escolar.,INE del municipio de Juárez N.L.||Comprobante de domicilio no mayor a 3 meses~~ de no contar con el comprobante de domicilio~~ se solicita una certificación de domicilio extendida por el juez auxiliar.||Acta de nacimiento del menor.||CURP del menor.||Carta con especificaciones escolares por parte de la maestra del plantel educativo que asiste el menor.,1 copia.,Coordinación de Trabajo Social.,No Aplica.,Paso 1: Recepción.||Paso 2: Trabajo social.||Paso 3: Revisión de papelería.||Paso 4: Estudio socioeconómico.||Paso 5: Se solicita papelería completa para brindar servicio/se abre expediente y se da servicio.,1SXkj2SPubMQof4Ig5iw3JQtKsTLJybNg,8
DIF,Programa ASAPAP (programa de gobierno federal en conjunto con el gobierno del estado).,DMJ/05,DIF,Presencial,Articulo 144~~ Fracción II~~ del Reglamento Orgánico.,El ciudadano realiza una encuesta para ser beneficiado del programa en la institucion o en visita comunitaria.,Apoyo bimestral de dos despensas nutricionales.,En caso de ser menor a partir de 2 años a 5 años de edad. En caso de discapacidad no requiere una edad específica. En caso de adulto mayor de 60 a 65 años.,La madre~~ padre o tutor del solicitante en caso de ser menor de edad o discapacidad~~ y en adulto mayor la persona interesada.,10 pesos por despensa en caso de ser niños y 7.50 pesos por despensa en caso de ser adulto mayor o con discapacidad.,Inmediato~~ integración en 2-3 meses.,Se basa a los poligonos de pobreza que realiza el gobierno estatal.,Acta de nacimiento y CURP en caso de ser menor de edad.||INE y CURP de responsable.||Recibo reciente no mayor de 3 meses~~ entre calles del domicilio.||Acta y CURP del adulto.||INE~~ recibo reciente y entre calles.||En caso de discapacidad dictamen médico.,1 copia.,Coordinador de Programas.,No Aplica.,Paso 1: Asistencia social.||Paso 2: Programas.||Paso 3: Llenado de encuesta del estado.||Paso 4: 2 a 4 meses de espera.||Paso 5: Entrega de apoyo.,1rdOODBwl8hL3XvPK9vL2jnrFB3FeJtbK,9
DIF,Asesoría jurídica.,DMJ/12,DIF,Presencial,Articulo 144~~ Fracción II~~ del Reglamento Orgánico.,El ciudadano acude a la institución dif en el área de jurídico y se registra para poder ingresar con un abogado a la asesoría jurídica.,Asesoría jurídica.,En el momento que necesite el servicio.,Cualquier ciudadano del municipio que requiera el servicio.,Gratuito.,Inmediato si asesor disponible.,En base al asesoramiento jurídico se puede brindar el servicio en otros departamentos como lo es el área de psicología~~ trabajo social o canalizar alguna otra dependencia siempre y cuando el caso lo amerite.,INE del municipio de Juárez.||Comprobante de domicilio no mayor de 3 meses de no contar con el comprobante de domicilio~~ se solicita una certificación de domicilio extendida por el juez auxiliar.||Documento legal en caso de ser necesario.||Acta de nacimiento del menor en caso de ser necesario.||CURP del menor en caso de ser necesario.||Cartilla de vacunación del menor en caso de ser necesario.,Original y copia.,Coordinador Juridico.,No Aplica.,Paso 1: Recepción.||Paso 2: Trabajo social.||Paso 3: Revisión de papelería.||Paso 4: Estudio socioeconómico.||Paso 5: Se solicita papelería completa para brindar servicio/se abre expediente y se da servicio.,1xiJS38_OrdF__LJiNK2VvagXBtRNwLF_,10
DIF,Beneficio de alimento a personas vulnerables.,DMJ/09,DIF,Presencial,Articulo 144~~ Fracción II~~ del Reglamento Orgánico.,Se realiza una visita domiciliaria para la elaboracion de un estudio socioeconomico con el fin de detectar el grado de vulnerabilidad del ciudadano para poder ser acreedor del programa.,Una comida diaria de lunes a viernes.,En general~~ este servicio lo puede realizar cualquier ciudadano que tenga la necesidad del apoyo.,Cualquier ciudadano vulnerable del municipio.,Gratuito.,Inmediato.,En base al estudio socioeconomico se detecta la vulnerabilidad y se da el seguimiento para disponer el apoyo social.,Credencial de elector.||CURP.||Acta de nacimiento.||Comprobante de domicilio.,1 copia.,Coordinador de Trabajo Social.,No Aplica.,Paso 1: Recepción.||Paso 2: Trabajo social.||Paso 3: Revisión de papelería.||Paso 4: Estudio socioeconómico.||Paso 5: Se solicita papelería completa para brindar servicio/se abre expediente y se da servicio.,1J5ZGiwo2QgRk1F2J9NoAsL2W6CzzvkTn,11
DIF,Clase de braille.,DMJ/03,DIF,Presencial,Articulo 144~~ Fracción II~~ del Reglamento Orgánico.,Conocer la estructura familiar~~ ingresos económicos en la familia~~ para evaluar si el ciudadano requiere el apoyo social~~ en base a este estudio se canaliza con la maestra de braille para que brinde una orientación y agende su seguimiento.,Apoyo de braille.,En general~~ este servicio lo puede realizar cualquier ciudadano que tenga una discapacidad visual del municipio.,Ciudadano del municipio de Juárez con discapacidad visual.,Gratuito.,Según agenda escolar.,De acuerdo a la valoración y calendarización se brinda el servicio inmediato.,INE del municipio de Juárez N.L.||Comprobante de domicilio no mayor a 3 meses~~ de no contar con el comprobante de domicilio~~ se solicita una certificación de domicilio extendida por el juez auxiliar.||Acta de nacimiento en caso de ser menor de edad.||CURP en caso de ser menor de edad.||Diagnostico medico.,1 copia.,Coordinación de Trabajo Social.,No Aplica.,Paso 1: Recepción.||Paso 2: Trabajo social.||Paso 3: Revisión de papelería.||Paso 4: Estudio socioeconómico.||Paso 5: Se solicita papelería completa para brindar servicio/se abre expediente y se da servicio.,1hDKeJX6EGDzCMD41DC9lWXFi9zTBv8uX,12
DIF,Estudio socioeconómico.,DMJ/01,DIF,Presencial,Articulo 144~~ Fracción II~~ del Reglamento Orgánico.,Conocer la estructura familiar~~ ingresos económicos en la familia~~ para evaluar si el ciudadano requiere el apoyo social~~ en base a este estudio se realiza una tabulación para determinar el apoyo a entregar.,Apoyo social.,En general~~ este servicio lo puede realizar cualquier ciudadano del municipio que tenga una necesidad.,Ciudadano del municipio de Juárez.,Gratuito.,Según petición ciudadana.,Si el estudio socioeconómico arroja una evaluación aprobada~~ el ciudadano recibe un apoyo parcial de la totalidad del apoyo requerido.,INE del municipio de Juárez N.L.||Comprobante de domicilio no mayor a 3 meses~~ de no contar con el comprobante de domicilio~~ se solicita una certificación de domicilio extendida por el juez auxiliar.||Si el ciudadano requiere algún apoyo que tenga un costo~~ se debe proporcionar evidencia soportada con alguna receta o prescripción médica.,1 copia.,Coordinación de Trabajo Social.,No Aplica.,Paso 1: Recepción.||Paso 2: Trabajo social.||Paso 3: Revisión de papelería.||Paso 4: Estudio socioeconómico.||Paso 5: Se solicita papelería completa para brindar servicio/se abre expediente y se da servicio.,1A-PBEoAXS0aMSxAoczaCTBSXXsMZNW8n,13
DIF,Guarderías.,DMJ/10,DIF,Presencial,Articulo 144~~ Fracción II~~ del Reglamento Orgánico.,Se atienden a niños de 1 a 5 años~~ requieren acudir a la guarderia que le interesa para revisar si hay lugar~~ la encargada del centro le dara una hoja de requsitos y estudios medicos en dado caso que no se pone en lista de espera~~ se programa cita con doctora nutriologa y psicologoca para dar el certificado apto para guarderia.,Ingreso del niño a la estancia.,En el momento que necesite el servicio.,Padre~~ madre o tutor del menor.,500 pesos la mensualidad~~ si hay hermanos se hace el 25% de descuento.,Inmediato si padres cumplen requisitos.,En base a la valoración~~ medica~~ psicologica y nutricional se le ortorgara el certificado de aceptacion del niño en la guardería.,Acta de nacimiento original y copia.||4 fotografías tamaño infantil.||CURP.||Cartilla de vacunación y dos copias.||Análisis de laboratorio (biometría hemática~~ grupo sanguíneo y rh).||Certificado médico (médico de área dif).||Valoración psicológica.,1 copia.,Coordinador de Guarderias.,No Aplica.,Paso 1: Recepción.||Paso 2: Coordinación.||Paso 3: Revisión de papelería.||Paso 4: Valoración y entrevistas.||Paso 5: Completar la papelería y dar prórroga para la entrega.||Paso 6: Ingreso.,1s21yvgv0VXzTY611ZkD-wNaseR8eM3To,14
DIF,Programa de Probienestar (programa de gobierno federal en conjunto con el gobierno del estado).,DMJ/08,DIF,Presencial,Articulo 144~~ Fracción II~~ del Reglamento Orgánico.,Se realiza un estudio socioeconómico en visita domiciliaria y se detecta el estado de vulnerabilidad que presenta el adulto mayor para posteriormente determinar si es beneficiado o no el ciudadano~~ se busca el padrino (funcionario público municipal) para determinar la cantidad donada.,Un cheque cada bimestre que se duplica la cantidad que dio el funcionario público.,En general~~ este servicio lo puede realizar cualquier ciudadano mayor de 60 años que tenga la necesidad del apoyo.,Ciudadanos mayores de 60 años del municipio de Juárez.,Gratuito.,Según seguimiento de Probienestar.,En base al estudio socioeconómico se detecta la vulnerabilidad y se da el seguimiento para disponer del cheque.,Credencial de elector.||CURP.||Acta de nacimiento.||Comprobante de domicilio.,1 copia.,Coordinador de Programas.,No Aplica.,Paso 1: Recepción.||Paso 2: Coordinación de adulto mayor.||Paso 3: Revisión de papelería.||Paso 4: Encuestas federales.||Paso 5: Lista de espera o ingreso y entrega de apoyo.,1nD0z_C5uFXWa-vPscg9ORBzzBSr_l6lr,15
DIF,Programa de discapacidad.,DMJ/06,DIF,Presencial,Articulo 144~~ Fracción II~~ del Reglamento Orgánico.,Se le realiza un estudio socioeconómico en la institución dif o visita domiciliaria para conocer la problemática que presenta el ciudadano y determinar si es aplicable para integrarse al programa de discapacidad.,Una despensa mensual o en casos particulares apoyos médicos.,En general~~ este servicio lo puede realizar cualquier ciudadano que tenga la necesidad del apoyo.,Ciudadano del municipio de Juárez con discapacidad.,Gratuito.,Inmediato según necesidad.,Determinando la vulnerabilidad familiar.,Acta y CURP en caso de ser menor de edad.||INE y CURP de responsable.||Recibo reciente no mayor de 3 meses~~ entre calles del domicilio.||Acta y CURP del adulto.||INE.||Recibo reciente y entre calles.||En caso de discapacidad dictamen médico.,1 copia.,Coordinador de Programas.,No Aplica.,Paso 1: Recepción.||Paso 2: Trabajo social.||Paso 3: Revisión de papelería.||Paso 4: Estudio socioeconómico.||Paso 5: Se solicita papelería completa para brindar servicio/se abre expediente y se da servicio.,1Bzf8IXn7pL0NMW3B7jCuanzB_g7uO5W0,16
DIF,Rehabilitación física.,DMJ/11,DIF,Presencial,Articulo 144~~ Fracción II~~ del Reglamento Orgánico.,Contar con una referencia médica de médico general o traumatólogo~~ acudir al centro de rehabilitación física para solicitar el apoyo necesario a través de un estudio socioeconómico que realiza la institución~~ se valora el caso con el médico de la institución para conocer la vulnerabilidad del caso y determinar si requiere el apoyo de terapia~~ para posteriormente recaudar una serie de requisitos que pide la institución y poder ser paciente activo.,Servicio indicado por el médico (terapia física~~ psicológica~~ ocupacional~~ acuática o sensorial~~ lenguaje dependiendo del diagnóstico).,En el momento que necesite el servicio.,Cualquier ciudadano del municipio que requiera el servicio.,Gratuito.,Inmediato si cumplen requisitos.,En base a la valoración médica~~ se determina el seguimiento terapéutico que el paciente debe de seguir para el apoyo que está solicitando.,Acta de nacimiento actualizada.||Identificación oficial.||6 fotografías tamaño infantil a color (2 de frente~~ 2 de perfil derecho y 2 de perfil izquierdo).||Comprobante de domicilio.||CURP.||Credencial del imss o póliza de seguro popular.||Examen de grupo sanguíneo.||Diagnóstico médico.,1 copia.,Coordinador de Rehabilitación.,No Aplica.,Paso 1: Recepción.||Paso 2: Coordinación.||Paso 3: Revisión de papelería.||Paso 4: Valoración y entrevistas.||Paso 5: Completar la papelería y dar prórroga para la entrega.||Paso 6: Seguimiento terapéutico.,13eycV9DBTTi5UtO8JJWsfNyvT77gjsRu,17
DIF,Servicio médico.,DMJ/04,DIF,Presencial,Articulo 144~~ Fracción II~~ del Reglamento Orgánico.,El ciudadano acude a la institución dif para solicitar consulta médica y posteriormente se canaliza al médico.,Consulta médica y medicamentos.,En general~~ este servicio lo puede realizar cualquier ciudadano que tenga la necesidad del apoyo.,Cualquier ciudadano del municipio de Juárez.,Gratuito.,Según disponibilidad del doctor.,Se atiende de acuerdo a la disponibilidad del doctor.,No aplica~~ cualquier persona que habite en el municipio de Juárez puede consultar.,No aplica.,Médico.,No Aplica.,Paso 1: Recepción.||Paso 2: Consultorio médico.||Paso 3: Valoración.||Paso 4: Entrega de medicamento o seguimiento de caso.||Paso 5: Si no se entrega medicamento~~ se canaliza a trabajo social para estudio socioeconómico.||Paso 6: Seguimiento terapéutico o cierre de caso.,1oHx5EYVsaetkA1b8ex1z4DsLPZR038GH,18
DIF,Terapia de lenguaje.,DMJ/14,DIF,Presencial,Articulo 144~~ Fracción II~~ del Reglamento Orgánico.,El ciudadano acude a la institución dif~~ en el área de jurídico para la realización de un estudio socioeconómico que lo aplicará un trabajador social para determinar si es necesario en el caso. el servicio de terapia de lenguaje se imparte a menores de 6 a 17 años y se asigna un terapeuta para el seguimiento de lenguaje.,Servicio de terapia de lenguaje.,En el momento que necesite el servicio.,Cualquier ciudadano menor de edad del municipio que requiera el servicio.,Gratuito.,Inmediato para casos vulnerables.,En base al estudio socioeconómico se determina el seguimiento terapéutico que el paciente debe de llevar para el apoyo que está solicitando.,INE del municipio de Juárez del padre~~ madre o tutor.||Comprobante de domicilio no mayor de 3 meses~~ de no contar con el comprobante de domicilio~~ se solicita una certificación de domicilio extendida por el juez auxiliar del Padre~~ madre o tutor.||Acta de nacimiento del menor.||Diagnóstico médico del menor.||CURP del menor.||Cartilla de vacunación del menor.,Original y copia.,Coordinador de Psicología.,No Aplica.,Paso 1: Recepción.||Paso 2: Consultorio médico.||Paso 3: Valoración.||Paso 4: Entrega de medicamento o seguimiento de caso.||Paso 5: Si no se entrega medicamento~~ se canaliza a trabajo social para estudio socioeconómico.||Paso 6: Seguimiento terapéutico o cierre de caso.,1f0iWOL1UirmazEwQs8cLEI0zjSEXLSB8,19
Secretaría de Competitividad Territorial y Económica,Cursos y capacitaciones.,SDEMJ/DFE-02,Dirección de Promoción Económica y Turística,Presencial y en línea,Articulo 133 Fraccion I~~ del Reglamento Organico del Gobierno Municipal de Juárez.,Llenar aplicación de inscripción~~ con los documentos requeridos en la direccion de fomento y luego presentarse en las instalaciones requerido para la capacitacion.,Servicio brindado~~ beca por 75% y certificación de capacitación o reconocimiento.,Según el curso a elegir.,Las personas interesadas de 18 años en adelante.,Cursos a bajo costo~~ y en algunos cursos son gratis.,,Programa estatal~~ para apoyar a los ciudadanos del municipio de Juárez.,Llenar solicitud~~ en la dirección de fomento.||Comprobante de domicilio.||INE.||Comprobante de estudios.||CURP.||2 fotografías tamaño infantil.,2 copias por documento.,Auxiliar.,Vigente.,,1fhJhtAf111dJn7yZNAGoRlVIMgcYk4sK,20
Secretaría de Competitividad Territorial y Económica,Ganamas.,SDEMJ/DFE-01,Dirección de Promoción Económica y Turística,Presencial,Articulo 133 Fraccion I~~ del Reglamento Organico del Gobierno Municipal de Juárez.,Interactuar para conocer el producto correspondiente a los programas digitales.,Sistema completo de cómputo con código de barra.,Con cita/presencial/virtual.,Todo giro de negocio.,Según el paquete requerido.,Mismo día.,Organizar programas estatales para el apoyo laboral para los ciudadanos del municipio de Juárez.,,Ninguno.,Auxiliar.,Vigente.,,1aA8VZCCbyNMcnlH5avencsjpKkojLvdj,21
Secretaría de Competitividad Territorial y Económica,Servicio de óptica.,SDEMJ/DFE-04,Dirección de Promoción Económica y Turística,Presencial,Articulo 133~~ Fraccion I~~ del Reglamento Organico del Gobierno Municipal de Juárez.,Agenda cita~~ solicitar el servicio.,Lentes completos a bajo costo~~ exámenes y kit de limpieza gratis.,Cuando lo requiera el ciudadano.,Toda persona que necesite el servicio.,300 pesos en adelante dependiendo del armazón que se requiera.,Mismo día.,Realizar convenio con la finalidad de mejorar la economia familiar.,Hacer cita~~ y llenar formulario clinico en la óptica.,Ninguno.,Auxiliar.,Vigente.,,1eeoVUfmaLJWwDpXsEptFPufnMn_7cuFG,22
Secretaría de Desarrollo Social y Humano,Aplicación del examen del INEA.,DEMJ/04,Dirección de Educación,Presencial,Artículo 97~~ Fracción Vi del Reglamento Orgánico del Gobierno Municipal de Juárez~~ N.L.,Se aplica un examen diagnóstico para saber sus conocimientos.,El servicio de la aplicación del examen para concluir primaria o secundaria.,En caso de rezago educativo~~ los exámenes son cada mes y varía según sus conocimientos.,El ciudadano.,Gratuito.,2 meses aprox.,Debe acudir la persona interesada y contar con la documentación completa.,Para examen de primaria: acta~~ CURP~~ comprobante de domicilio.||Para examen de secundaria: acta~~ CURP~~ certificado de primaria~~ comprobante de domicilio.||En los dos casos presentarse a llenar ficha de datos y toma de foto ir con blusa o camisa o camiseta clara.||Sin aretes grandes~~ sin piercing en la cara.,1 copia de cada documento.,Director de Educación.,Mensual.,Paso 1: Se realiza la inscripción.||Paso 2: Se pide papelería completa.||Paso 3: Canalizar al ciudadano a la sede más cercana a su lugar.||Paso 4: Se aplica diagnóstico para checar los conocimientos de la persona.||Paso 5: En base a los resultados se da una asesoría para presentar las materias pendientes.||Paso 6: Si acredita todas las materias se hace entrega del certificado en 3 meses.,1ioUO0FTEyhhoLEzBjxFEP_l7_4t9VR0S,23
Secretaría de Desarrollo Social y Humano,Becas CONALEP.,SEMJ/C-07,Dirección de Educación,En Línea,Artículo 95~~ Fracción X.,Becas para estudiantes del sistema conalep.,Descuento de pago de colegiatura.,Semestre (junio-julio / enero-febrero).,Estudiantes de nuestro municipio que cursen regularmente en sistema Conalep.,Gratuito.,1-7 días hábiles~~ reflejo en 15-20 días hábiles.,El alumno debe cursar regularmente en cualquier plantel de sistema conalep del estado de nuevo león.,Formato de solicitud de beca completo (digitalizado en formato pdf) [el formato de solicitud de beca se hace llegar al ciudadano a través de redes sociales].,1 copia debidamente llenada a mano o a máquina (archivos digitalizados en formato PDF).,Secretaria de Educación de Juárez~~ Nuevo León.,Frecuencia Semestral (Se Publicará en Redes Sociales el Rango de Fechas para Recepción de Documentos Digitales).,Paso 1: Publicación de trámite de becas a través de redes sociales.||Paso 2: Recepción de documentos.||Paso 3: Elaboración de carta beca (digital).||Paso 4: Firma de lista de solicitudes.||Paso 5: Digitalización de listas firmadas y selladas.||Paso 6: Elaboración de lote digital de becas.||Paso 7: Envío de información para captura en sistema.,1VPu-OzvOGyNA32gqnOB6KBPv1SIdSUYf,24
Secretaría de Desarrollo Social y Humano,Becas UANL.,SEMJ/12,Dirección de Educación,En Línea,Artículo 95~~ Fracción X.,Becas para estudiantes de nivel medio superior y superior de la universidad autónoma de nuevo león.,Descuento de pago de colegiatura (rectoría).,Semestre (mayo-junio / diciembre-enero).,Estudiantes de nuestro municipio que cursen actualmente en preparatorias y facultades de la Universidad Autónoma de Nuevo León.,Gratuito.,1-7 días hábiles~~ reflejo en 15-20 días hábiles.,El alumno debe contar con domicilio dentro del municipio de Juárez~~ N.L. y debe cursar regularmente en cualquier preparatoria o facultad de la universidad autónoma de nuevo león.,Boleta de pago a rectoría de la u.a.N.L.||Comprobante de domicilio (recibo de servicio de agua y drenaje o recibo de servicio de comisión federal de electricidad).||Kárdex completo de alumno.,1 copia (archivos digitalizados en formato PDF).,Secretaria de Educación de Juárez~~ Nuevo León.,Frecuencia Semestral (Se Publicará Previamente en Redes Sociales el Rango de Fechas para Recepción de Documentos Digitales).,Paso 1: Publicación de trámite de becas a través de redes sociales.||Paso 2: Recepción de documentos.||Paso 3: Elaboración de carta beca (digital).||Paso 4: Elaboración e impresión de lista de solicitudes.||Paso 5: Firma de lista de solicitudes (alcalde).||Paso 6: Digitalización de listas firmadas y selladas.||Paso 7: Elaboración de lote digital de becas.||Paso 8: Envío de información para captura en sistema.,1VPu-OzvOGyNA32gqnOB6KBPv1SIdSUYf,25
Secretaría de Desarrollo Social y Humano,Bibliotecas.,DEMJ/06,Dirección de Educación,Presencial,Articulo 98 Fraccion III~~ VII~~ XIIi.,Apertura en bibliotecas del municipio para toda la base estudiantil.,Que la comunidad estudiantil tenga acceso al internet~~ libros para su uso que así lo requiera (tareas~~ trabajos).,A diario en un horario de 8:00-17:00 hrs.,La dirección de cultura con estudiantes del nivel básico~~ medio superior~~ y comunidad en general.,Gratuito.,Durante registro visitante.,Estudiante y comunidad en general.,Credencial de estudiante y/o credencial de elector.,2 copias.,Director de Cultura.,Durante el Año Electivo.,Paso 1: Información.||Paso 2: Registro visita.,1iLZcwA0BkxWKvB_PYor6SBkT34q29Prn,26
Secretaría de Desarrollo Social y Humano,Certificados del INEA.,DEMJ/01,Dirección de Educación,Presencial,Artículo Específico No Mencionado en el Documento.,Proceso para la obtención del certificado de primaria o secundaria~~ validando los conocimientos del ciudadano mediante un diagnóstico y exámenes.,El documento oficial que avala los estudios de primaria o secundaria (certificado).,Cuando el ciudadano desee terminar sus estudios de primaria o secundaria.,El ciudadano.,Gratuito.,1 mes aprox.,Una vez acreditadas sus materias se hace entrega del certificado.,Para primaria: acta~~ CURP~~ comprobante de domicilio.||Para secundaria: acta~~ CURP~~ comprobante de domicilio~~ certificado de primaria.,1 copia del documento.,Director de Educación.,Un Mes.,Paso 1: Se aplica un diagnóstico.||Paso 2: Presenta y acredita sus exámenes.||Paso 3: Se hace entrega de certificado.,1ioUO0FTEyhhoLEzBjxFEP_l7_4t9VR0S,27
Secretaría de Desarrollo Social y Humano,Duplicados de certificados de la SEP.,DEMJ/02,Dirección de Educación,Presencial y en línea,Artículo 97~~ Fracción V~~ Fracción Xvi del Reglamento Orgánico del Gobierno Municipal de Juárez~~ N.L.,Trámite para obtener duplicados de certificados expedidos por la sep en caso de extravío o destrucción.,Entrega de certificado expedido por la SEP.,En caso de extravío o destrucción.,Trámite ciudadano.,45 pesos.,Inmediato y entrega en 1 semana.,Recepción de papelería completa y costo del documento en trámite.,Llenado de formato emitido por la sep con nombre del interesado~~ CURP~~ nombre de la escuela~~ año de terminación de estudios~~ etc.,Ninguno.,Director de Educación.,El Tiempo Aproximado Que Tarde el Documento en Ser Expedido.,Paso 1: Recepción de papelería.||Paso 2: Llenado de formato.||Paso 3: Recepción de efectivo.||Paso 4: Trámite en la SEP.||Paso 5: Recepción de documento para su entrega.||Paso 6: Entrega.,1siXPJv32C2QaI17kK8viRpIC3vJInHbB,28
Secretaría de Desarrollo Social y Humano,Feria educativa.,DEMJ/05,Dirección de Educación,Presencial,Artículo Iii del Reglamento Orgánico del Gobierno Municipal de Juárez~~ N.L.,Llevar la información a las instituciones educativas sobre las diversas opciones de estudio de nivel medio superior y superior.,Información de los diversos planteles y ofertas educativas.,Según el plan de estudios de la institución.,El ciudadano.,Gratuito.,Inmediato.,Se da el servicio cuando el ciudadano lo solicita.,Ninguno.,Ninguno.,Director de Educación.,Depende de Los Planes y Programas de la Institución.,Paso 1: Visitar los planteles educativos.||Paso 2: Dar la información de las opciones educativas.||Paso 3: Canalizar a los estudiantes con las instituciones correspondientes.,1Oeg7nnaaUay3-Tqo_pJqB7JQPk8MKHxK,29
Secretaría de Desarrollo Social y Humano,Limpiando tu escuela.,SEMJ/08,Dirección de Educación,Presencial,Artículo 95 Fracción V.,Atender las peticiones que nos solicitan las diferentes instituciones educativas de Juárez N.L. dependiendo de las necesidades de cada plantel: deshierbe~~ recolección de basura~~ fumigaciones~~ seguridad pública.,Servicio de deshierbe~~ recolección de escombro.,A la brevedad en que se solicita el servicio del plantel educativo.,Trámite ciudadano.,Ninguno.,1-2 días por plantel~~ según circunstancias.,Entrega de oficio por parte de la institución~~ para dar seguimiento a la necesidad del plantel.,Petición por oficio dirigido al alcalde lic. francisco héctor treviño cantú con atención a la mtra. blanca elia vargas garcía~~ dirección exacta del plantel~~ teléfono~~ se anexa fotografía de la necesidad del plantel educativo~~ credencial de elector del solicitante~~ en este caso director (ra).,1 copia.,Secretaria de Educación de Juárez~~ Nuevo León.,Tiempo Indefinido.,Paso 1: Limpiando tu escuela.||Paso 2: Oficio.||Paso 3: Turno de atención.||Paso 4: Canalización.||Paso 5: Acatamiento de solicitud.||Paso 6: Formato de respuesta positiva al plantel~~ firmada por directivo.,1jENqEsuV8VW4MfYXZ-yNvHaHJZVUpA98,30
Secretaría de Desarrollo Social y Humano,Becas particulares.,DEMJ/03,Dirección de Educación,Presencial,Artículo 97~~ Fracción II y X del Reglamento Orgánico del Gobierno Municipal de Juárez~~ N.L.,Trámite para obtener una carta beca para apoyo en colegiaturas a través de instituciones educativas privadas.,Carta beca.,Cuando el ciudadano lo requiera~~ ya sea tetramestre~~ semestral o mensual.,El ciudadano.,Gratuito.,Respuesta inmediata para trámite.,El ciudadano debe proporcionar papelería completa.,Acta de nacimiento.||CURP.||INE.||Comprobante de pago.,1 copia de cada documento.,Director de Educación.,De Acuerdo Al Plan de Estudios Según la Institución.,Paso 1: Recepción de papelería.||Paso 2: Se firma por el director de educación y se entrega inmediato.||Paso 3: Se checa matrícula del alumno y papelería.||Paso 4: Se hace la carta beca.,1VPu-OzvOGyNA32gqnOB6KBPv1SIdSUYf,31
Secretaría de Desarrollo Social y Humano,Taller formativo de guitarra.,DCMJ/09,Dirección de Educación,Presencial,Artículo 98 Fracción III~~ VII~~ XIIi.,Clases de guitarra ofrecidas por la dirección de cultura para niños~~ jóvenes y adultos.,Una constancia del taller.,3 veces a la semana.,Niños~~ jóvenes y adultos que vivan en el municipio.,Gratuito.,Inscripción: 1 día~~ taller: cada 3 meses.,Edad y residencia en el municipio.,Niños y adolescentes: comprobante de domicilio y autorización de los padres.||Jóvenes y adultos: credencial de elector (INE).,2 copias.,Director de Cultura.,3 Meses.,Paso 1: Información convocatoria.||Paso 2: Inscripción.||Paso 3: Taller.||Paso 4: Constancia.,1mhclLVKDyuInNufyC1oA6x5DbDYRP_Si,32
Secretaría de Desarrollo Social y Humano,Taller formativo de canto.,DCMJ/10,Dirección de Cultura (coordinación),Presencial,Artículo 98 Fracción III~~ VII~~ XIIi.,Clases de canto ofrecidas por la dirección de cultura para niños~~ adolescentes y adultos.,Una constancia del taller.,3 veces a la semana.,Niños~~ adolescentes y adultos que vivan en el municipio.,Gratuito.,Inscripción: 1 día~~ taller: cada 3 meses.,Edad y residencia en el municipio.,Niños~~ adolescentes y adultos: comprobante de domicilio y credencial de elector (INE).,2 copias.,Director de Cultura.,3 Meses.,Paso 1: Información convocatoria.||Paso 2: Inscripción.||Paso 3: Taller.||Paso 4: Constancia.,1v4TiKlRIDt7gNaVpDorqydklLUtNvodR,33
Secretaría de Desarrollo Social y Humano,Taller informativo de danza.,DCMJ/11,Dirección de Cultura (coordinación),Presencial,Articulo 98 Fracción III~~ VII~~ XIIi.,Clases de danza ofrecidas por la dirección de cultura para niños~~ adolescentes y adultos.,Una constancia del taller.,3 veces a la semana.,La dirección de cultura con niños~~ jóvenes y adultos que viven en el municipio.,Gratuito.,Inscripción: 1 día~~ taller: cada 3 meses.,Edad y que vivan en el municipio.,Comprobante de domicilio.||Credencial de elector (INE).,2 copias.,Director de Cultura.,3 Meses.,Paso 1: Información convocatoria.||Paso 2: Inscripción.||Paso 3: Taller.||Paso 4: Constancia.,1YR1TKo5ISaollYtZ2_QomwyoNpk5wsJh,34
Secretaría de Desarrollo Social y Humano,Consulta médica (niños).,SSMJ/01,Dirección de la Salud,Presencial o vía telefónica,Plan Municipal de Desarrollo para el Gobierno Municipal Periodo 2021-2024.,Se brinda consulta médica a los niños habitantes de Juárez~~ N.L.,Consulta realizada por médico general.,Casos en los que se requiera.,Niños habitantes del municipio de Juárez~~ N.L.,Gratuito.,Consulta: 20-25 minutos.,El paciente acude a la ciudad de la salud para recibir el servicio por parte del médico.,Acreditar ser habitante del municipio de Juárez~~ N.L.,1 copia.,Auxiliar de Oficina.,Auxiliar de Oficina.,Paso 1: El paciente se presenta a la ciudad de la salud externando el motivo de la visita.||Paso 2: Comprueba ser habitante del municipio de Juárez~~ N.L.||Paso 3: Le toman los datos para proceder a hacerle un expediente y darle ficha.||Paso 4: Los enfermeros pasan al paciente por número de ficha para la toma de signos y le pasan el expediente al doctor.||Paso 5: El doctor manda llamar al paciente con el número de ficha que le tocó.,1oHx5EYVsaetkA1b8ex1z4DsLPZR038GH,35
Secretaría de Desarrollo Social y Humano,Consulta ginecológica.,SSMJ/02,Dirección de la Salud,Presencial o vía telefónica,Plan Municipal de Desarrollo para el Gobierno Municipal Periodo 2021-2024.,Consulta con ginecóloga que tiene como objetivo llevar un control~~ prevenir numerosas enfermedades de transmisión sexual.,Consulta con ginecóloga.,Casos en los que se requiera.,El paciente que acude a la clínica rosa para consulta con ginecóloga.,Gratuito.,Consulta: 30 minutos aprox según cita.,El paciente acude a la clínica rosa para consulta con ginecóloga.,Acreditar ser habitante del municipio de Juárez~~ N.L.,1 copia.,Ginecóloga.,Ginecóloga.,Paso 1: El paciente realiza su cita con la ginecóloga~~ ya sea de manera telefónica o presencial.||Paso 2: Comprueba ser habitante del municipio de Juárez~~ N.L.||Paso 3: Se cita a toda persona que vaya a consultar a una hora específica.||Paso 4: Se atiende a la paciente dependiendo de la hora en la que llegó y tarda aproximadamente 30 minutos la consulta.,1oHx5EYVsaetkA1b8ex1z4DsLPZR038GH,36
Secretaría de Desarrollo Social y Humano,Consulta médica.,SSMJ/03,Dirección de la Salud,Presencial o vía telefónica,Plan Municipal de Desarrollo para el Gobierno Municipal Periodo 2021-2024.,Se brinda consulta médica a los habitantes de Juárez~~ N.L.,Consulta realizada por médico general.,Casos en los que se requiera.,Ciudadanos de Juárez~~ N.L.,Gratuito.,Consulta: 20-25 minutos.,El paciente acude a la ciudad de la salud para recibir el servicio por parte del médico.,Acreditar ser habitante del municipio de Juárez~~ N.L.,1 copia.,Auxiliar de Oficina.,Auxiliar de Oficina.,Paso 1: El paciente se presenta a la ciudad de la salud externando el motivo de la visita.||Paso 2: Comprueba ser habitante del municipio de Juárez~~ N.L.||Paso 3: Le toman los datos para proceder a hacerle un expediente y darle ficha.||Paso 4: Los enfermeros pasan al paciente por número de ficha para la toma de signos y le pasan el expediente al doctor.||Paso 5: El doctor manda llamar al paciente (25-30 min de consulta aprox).,1oHx5EYVsaetkA1b8ex1z4DsLPZR038GH,37
Secretaría de Desarrollo Social y Humano,Realizar laboratorios clínicos expedidos por médico general.,SSMJ/04,Dirección de la Salud,Presencial,Plan Municipal de Desarrollo para el Gobierno Municipal Periodo 2021-2024.,El paciente acude a la ciudad de la salud para que se le realicen los laboratorios que le haya pedido el medico general~~ ya sea medico de la ciudad de la salud~~ o algun otro centro de salud.,Resultados de laboratorio.,Cuando el médico general lo solicite.,El paciente.,Bajo costo.,10 minutos por prueba.,,Acreditar ser habitante del municipio de Juárez~~ N.L.,1 copia.,Auxiliar de Oficina.,Auxiliar de Oficina.,Paso 1: El paciente se presenta a la ciudad de la salud externando el motivo de la visita.||Paso 2: Le toman los datos para proceder a hacerle un expediente y darle ficha.||Paso 3: Se presenta el día martes o jueves en ayunas a las 8 am.||Paso 4: Los enfermeros pasan al paciente por número de ficha para la toma de signos y le pasan el expediente al doctor.||Paso 5: El doctor manda llamar al paciente con el número de ficha que le tocó.||Paso 6: El doctor manda al paciente a realizarse estudios.||Paso 7: Se presenta el día martes o jueves a las 8 am con la receta de los estudios que se va a realizar.||Paso 8: Le entregan los resultados al día siguiente.||Paso 9: Se entrega un número de folio para la entrega de los resultados.||Paso 10: Enfermería los manda llamar para el llenado de formato de laboratorio.||Paso 11: Fin.,1oHx5EYVsaetkA1b8ex1z4DsLPZR038GH,38
Secretaría de Desarrollo Social y Humano,Exploración diagnóstica de imagen por rayos X de la glándula mamaria.,SSMJ/05,Dirección de la Salud,Presencial,Plan Municipal de Desarrollo para el Gobierno Municipal Periodo 2021-2024.,La paciente acude a la clinica rosa para realizarse el estudio de mamografia~~ la paciente debe cubrir requisitos tales como: tener 40 años cumplidos~~ ir recien bañada a su estudio y no aplicarse talco~~ perfume o desodorante el día de su cita.,El estudio de mamografía para prevención y detección temprana de cáncer de mama.,Disponibilidad de cita.,Mujeres mayores de 40 años de edad para realizar tamizaje y tener seguimiento.,Gratuito.,1 hora aprox.,,Acreditar ser habitante del municipio de Juárez~~ N.L.,1 copia.,Tecnico Radiologo.,Tecnico Radiologo.,Paso 1: La paciente se presenta en la clínica rosa los días hábiles en los cuales se realizará la mamografía.||Paso 2: Comprueba ser habitante del municipio de Juárez~~ N.L.~~ llenan un registro y las atienden como vayan llegando.||Paso 3: El examen dura aproximadamente 1 hora~~ grabándolo en un CD.||Paso 4: El expediente se manda a un centro de diagnóstico.||Paso 5: Los resultados llegan a la clínica rosa y se le llama a la paciente para ser entregados.||Paso 6: Se le entregan los resultados a la paciente y se le da una explicación de cómo salió.||Paso 7: Si sale algo anormal~~ se cita con la ginecóloga y ella la canaliza a la clínica que corresponda.||Paso 8: Se le invita a hacerse el examen de mamografía cada año.||Paso 9: Fin.,1oHx5EYVsaetkA1b8ex1z4DsLPZR038GH,39
Secretaría de Desarrollo Social y Humano,Consulta de nutrición.,SSMJ/06,Dirección de la Salud,Presencial o vía telefónica,Plan Municipal de Desarrollo para el Gobierno Municipal Periodo 2021-2024.,Consulta con especialista en nutrición que tiene como objetivo crear un plan de alimentación saludable para cada paciente~~ ya que una dieta saludable ayuda a prevenir numerosas enfermedades.,Consulta con especialista en nutrición.,Casos en los que se requiera~~ con cita previa.,El paciente.,Gratuito.,Consulta: 25-30 minutos según cita.,,Acreditar ser habitante del municipio de Juárez~~ N.L.,1 copia.,Auxiliar de Oficina.,Auxiliar de Oficina.,Paso 1: El paciente realiza su cita con la nutrióloga~~ ya sea de manera telefónica o presencial para su seguimiento.||Paso 2: Comprueba ser habitante del municipio de Juárez~~ N.L.||Paso 3: Se presenta en la clínica de hipertensión y diabetes.||Paso 4: Presentar el comprobante de la cita.||Paso 5: Procede a cita de nutrición de 25-30 minutos.,19OZC7w1vefd3YeEFZh1sC0KuTtGWRoRS,40
Secretaría de Desarrollo Social y Humano,El papanicolau es un examen que sirve para detectar el cáncer de cuello uterino y cualquier alteración en las células del cuello uterino causada por el virus del papiloma humano (VPH).,SSMJ/07,Dirección de la Salud,Presencial,Plan Municipal de Desarrollo para el Gobierno Municipal Periodo 2021-2024.,El papanicolau sirve para prevenir y detectar a tiempo el cancer de cuello uterino.,Resultados de papanicolau~~ información detallada sobre la salud del cuello uterino.,Mujer con vida sexual activa o a partir de los 21 años~~ se realiza cada 3 años.,Mujer con vida sexual activa o a partir de los 21 años.,Gratuito.,20 minutos aprox.,,Acreditar ser habitante del municipio de Juárez~~ N.L.,1 copia.,Enfermera.,Enfermera.,Paso 1: La paciente se presenta en la clínica rosa los días hábiles en los cuales se realiza el papanicolau~~ acudir aseada~~ sin actividad sexual 3 días antes y haber pasado 4 días después de su última menstruación.||Paso 2: Comprueba ser habitante del municipio de Juárez~~ N.L.~~ llenan un registro y las atienden como vayan llegando.||Paso 3: El examen dura aproximadamente 20 minutos.||Paso 4: La muestra se manda a la SSA de la jurisdicción 4.||Paso 5: Los resultados llegan a la clínica rosa y se le llama a la paciente para ser entregados.||Paso 6: Se le entregan los resultados a la paciente y se le da una explicación de cómo salió.||Paso 7: Se cita con la ginecóloga y se hace la referencia correspondiente.,1oHx5EYVsaetkA1b8ex1z4DsLPZR038GH,41
Secretaría de Desarrollo Social y Humano,Consulta con especialista en psicología.,SSMJ/08,Dirección de la Salud,Presencial o vía telefónica,Plan Municipal de Desarrollo para el Gobierno Municipal Periodo 2021-2024.,Consulta con especialista en psicologia que tiene como objetivo el bienestar emocional~~ personal y social del paciente~~ para mejorar su calidad de vida y su inclusion social a traves de la evaluacion y la orientación.,Ayuda psicológica.,Casos en los que se requiera~~ con cita previa.,El paciente.,Gratuito.,Consulta: 25-30 minutos según cita.,,Acreditar ser habitante del municipio de Juárez~~ N.L.,1 copia.,Auxiliar de Oficina.,Auxiliar de Oficina.,Paso 1: El paciente realiza su cita con la psicóloga~~ ya sea de manera telefónica o presencial.||Paso 2: Comprueba ser habitante del municipio de Juárez~~ N.L.||Paso 3: Se presenta en la clínica de hipertensión y diabetes.||Paso 4: Presentar el comprobante de la cita.||Paso 5: Procede a terapia de 25-30 minutos.,1l5KV5QzWkwgDRI0U8tJaTkjaDtomVyc0,42
Secretaría de Desarrollo Social y Humano,Examen de rayos X a los habitantes de Juárez~~ N.L.,SSMJ/09,Dirección de la Salud,Presencial o vía telefónica,Plan Municipal de Desarrollo para el Gobierno Municipal Periodo 2021-2024.,Consulta realizada por medico general y lectura de rayos x.,Consulta realizada por médico general y lectura de rayos X.,Casos en los que se requiera (valoración por médico general de la Ciudad de la Salud).,El paciente.,Gratuito.,10 minutos por paciente~~ consulta: 25-30 minutos.,,Acreditar ser habitante del municipio de Juárez~~ N.L.,1 copia.,Enfermero Radiologo.,Enfermero Radiologo.,Paso 1: El paciente se presenta a la ciudad de la salud externando el motivo de la visita.||Paso 2: Comprueba ser habitante del municipio de Juárez~~ N.L.||Paso 3: Le toman los datos para proceder a hacerle un expediente y darle ficha.||Paso 4: Los enfermeros pasan al paciente por número de ficha para la toma de signos y le pasan el expediente al doctor.||Paso 5: El doctor manda llamar al paciente (25-30 min de consulta aprox).||Paso 6: Le manda a realizarse rayos-X y regresa con el médico para la lectura y receta médica si lo requiere.||Paso 7: Fin.,11ErjLkhnvXkvgHIv-CYux4pbavfh-7Ou,43
Secretaría de Seguridad y Protección a la Ciudadanía,Asesoría legal y canalización psicológica.,DPSVDMJ/11,Dirección de Prevención del Delito,Presencial,Artículos 3~~ 5~~ 11 Fracc. III~~ 14 Lpsvdnl; Artículo 43 y 46 Rogm Juárez N.L.~~ Artículos 1~~ 2~~ 3~~ 5~~ 7~~ 8 y demás relativos del Reglamento para la Prevención Social de la Violencia y la Delincuencia para el Municipio de Juárez.,Orientar y asesorar al ciudadano(a)~~ lo cual le permita tomar la mejor decisión para resolver su controversia.,Asesoría y canalización.,Cuando el ciudadano lo solicite.,Ciudadano.,Gratuito.,30 minutos.,Ninguno.,Personas que soliciten el servicio.,,Directora de Prevención Social de la Violencia y la Delincuencia.,Directora de Prevención Social de la Violencia y la Delincuencia.,Paso 1: Recepción.||Paso 2: Trabajo Social.||Paso 3: Revisión de Papelería.||Paso 4: Estudio Socioeconómico.||Paso 5: Se Solicita Papelería Completa para Brindar Servicio/Se Abre Expediente y Se Da Servicio.,1l5KV5QzWkwgDRI0U8tJaTkjaDtomVyc0,44
Secretaría de Seguridad y Protección a la Ciudadanía,Atención psicológica.,DPSVDMJ/12,Dirección de Prevención del Delito,Presencial,Artículos 3~~ 5~~ 11 Fracc. III~~ 14 Lpsvdnl; Artículos 43 y 46 Rogm Juárez N.L.~~ Artículos 1~~ 2~~ 3~~ 5~~ 7~~ 8 y demás relativos del Reglamento para la Prevención Social de la Violencia y la Delincuencia para el Municipio de Juárez.,Brindar terapia psicológica para restaurar su estabilidad emocional y fortalecer sus capacidades cognitivas y sociales.,Terapia psicológica.,Al ser canalizado en la atención de reportes.,Hombres y mujeres mayores de edad que habiten en el municipio.,Gratuito.,1 hora.,Que se trate de víctimas de violencia derivadas de la atención y/o seguimientos de los reportes atendidos.,Identificación oficial y canalización.,,Directora de Prevención Social de la Violencia y la Delincuencia.,Directora de Prevención Social de la Violencia y la Delincuencia.,Paso 1: Recepción.||Paso 2: Trabajo Social.||Paso 3: Revisión de Papelería.||Paso 4: Estudio Socioeconómico.||Paso 5: Se Solicita Papelería Completa para Brindar Servicio/Se Abre Expediente y Se Da Servicio.,1l5KV5QzWkwgDRI0U8tJaTkjaDtomVyc0,45
Secretaría de Seguridad y Protección a la Ciudadanía,D.A.R.E.,DPSVDMJ/02,Dirección de Prevención del Delito,Presencial,Artículos 3~~ 5~~ 11 Fracc. III~~ 14 Lpsvdnl; Artículo 43 y 46 Rogm Juárez N.L.~~ Artículos 1~~ 2~~ 3~~ 5~~ 7~~ 8 y demás relativos del Reglamento para la Prevención Social de la Violencia y la Delincuencia para el Municipio de Juárez.,Implementar el programa en la población escolar del municipio~~ buscando prevenir el consumo de tabaco y drogas en los alumnos~~ explicando los riesgos~~ efectos físicos~~ emocionales~~ sociales y legales.,Prevención del consumo de tabaco y drogas entre estudiantes.,Cuando la institución educativa lo requiera.,Directivos de cualquier institución educativa del municipio.,Gratuito.,45 minutos.,Ninguno.,El espacio a trabajar deberá ser público~~ dentro del territorio municipal y que represente riesgo a la comunidad.,,Directora de Prevención Social de la Violencia y la Delincuencia.,Directora de Prevención Social de la Violencia y la Delincuencia.,Paso 1: Recepción.||Paso 2: Trabajo Social.||Paso 3: Revisión de Papelería.||Paso 4: Estudio Socioeconómico.||Paso 5: Se Solicita Papelería Completa para Brindar Servicio/Se Abre Expediente y Se Da Servicio.,1T-Wmwm3epNH-1e6z20Hb2EtH76V1B0sL,46
Secretaría de Seguridad y Protección a la Ciudadanía,Derechos humanos.,DPSVDMJ/03,Dirección de Prevención del Delito,Presencial,Artículos 3~~ 5~~ 11 Fracc. III~~ 14 Lpsvdnl; Artículo 43 y 46 Rogm Juárez N.L.~~ Artículos 1~~ 2~~ 3~~ 5~~ 7~~ 8 y demás relativos del Reglamento para la Prevención Social de la Violencia y la Delincuencia para el Municipio de Juárez.,Convocar a los ciudadanos a reunión en un punto estratégico con el apoyo de medios informativos a fin de informar y sensibilizar a las/os participantes sobre sus derechos humanos~~ desde la óptica de las normas municipales.,Información y sensibilización sobre derechos humanos.,Cuando la comunidad lo requiera.,Habitantes del municipio.,Gratuito.,1 hora.,Ninguno.,Ser habitante del municipio.,,Directora de Prevención Social de la Violencia y la Delincuencia.,Directora de Prevención Social de la Violencia y la Delincuencia.,Paso 1: Recepción.||Paso 2: Trabajo Social.||Paso 3: Revisión de Papelería.||Paso 4: Estudio Socioeconómico.||Paso 5: Se Solicita Papelería Completa para Brindar Servicio/Se Abre Expediente y Se Da Servicio.,1mavQhF0fjEWmoGUFxE-VLAOB6gXA8eVx,47
Secretaría de Seguridad y Protección a la Ciudadanía,Difusión de información preventiva.,DPSVDMJ/13,Dirección de Prevención del Delito,Presencial,Artículos 3~~ 5~~ 11 Fracc. III~~ 14 Lpsvdnl; Artículo 43 y 46 Rogm Juárez N.L.~~ Artículos 1~~ 2~~ 3~~ 5~~ 7~~ 8 y demás relativos del Reglamento para la Prevención Social de la Violencia y la Delincuencia para el Municipio de Juárez.,DIFundir material gráfico en las colonias con mayor índice de violencia y delincuencia para informar y prevenir a los habitantes.,Información gráfica.,Horario de oficina.,Personas que habiten en el municipio.,Gratuito.,15 minutos.,Ninguno.,Ciudadanos que requieran el servicio.,,Directora de Prevención Social de la Violencia y la Delincuencia.,Directora de Prevención Social de la Violencia y la Delincuencia.,Paso 1: Recepción.||Paso 2: Trabajo Social.||Paso 3: Revisión de Papelería.||Paso 4: Estudio Socioeconómico.||Paso 5: Se Solicita Papelería Completa para Brindar Servicio/Se Abre Expediente y Se Da Servicio.,1T-Wmwm3epNH-1e6z20Hb2EtH76V1B0sL,48
Secretaría de Seguridad y Protección a la Ciudadanía,Educación vial.,DPSVDMJ/07,Dirección de Prevención del Delito,Presencial,Artículos 3~~ 5~~ 11 Fracc. III~~ 14 Lpsvdnl; Artículo 43 y 46 Rogm Juárez N.L.~~ Artículos 1~~ 2~~ 3~~ 5~~ 7~~ 8 y demás relativos del Reglamento para la Prevención Social de la Violencia y la Delincuencia para el Municipio de Juárez.,Impartir el taller en planteles educativos para promover hábitos y prácticas que tienen como finalidad la protección y cuidado de los transeúntes.,Información.,Cuando la institución educativa lo requiera.,Directivos de cualquier institución educativa del municipio.,Monto asignado por la dirección de ingresos.,45 minutos.,Ninguno.,Dirigido a alumnos de instituciones educativas del municipio.,,Directora de Prevención Social de la Violencia y la Delincuencia.,Directora de Prevención Social de la Violencia y la Delincuencia.,Paso 1: Recepción.||Paso 2: Trabajo Social.||Paso 3: Revisión de Papelería.||Paso 4: Estudio Socioeconómico.||Paso 5: Se Solicita Papelería Completa para Brindar Servicio/Se Abre Expediente y Se Da Servicio.,1-65UV1uCRQcbAli0Cfw-_jD6uSLJuBMI,49
Secretaría de Seguridad y Protección a la Ciudadanía,Exclusivo de estacionamiento.,DVTMJ/01,Dirección de Tránsito,Presencial,Art. 58 Reglamento de Transito Homologado.,Otorgamiento de permiso exclusivo de estacionamiento para uso habitacional o comercial según corresponda.,Visto bueno.,Cuando lo requieran.,Propietario o representante legal.,Gratuito.,5-8 días hábiles.,Cumplir con los requisitos~~ tomando en cuenta la factibilidad tecnica y vial. comercial visto bueno de desarrollo urbano~~ las dimensiones de la calle no lo permitan y no afecte la vialidad.,Solicitud.||Identificacion oficial.||Comprobante de domicilio.||Croquis de ubicacion.||Pago de impuesto predial.||Copia de tarjeta de circulacion vigente.||Documento que acredite la propiedad.||Licencia de uso de suelo compatible con el giro del negocio en caso de ser comercial.,1 copia.,Director de Vialidad y Transito.,Director de Vialidad y Transito.,Paso 1: Presentarse de 8:00 a 17:00 Hrs~~ Entrega Solicitud y Requisitos.||Paso 2: Se Le Hace Visita para Inspección~~ Si Es Factible Se Remitirá la Papelería a Ingresos para Continuar Con Su Trámite.,1-65UV1uCRQcbAli0Cfw-_jD6uSLJuBMI,50
Secretaría de Seguridad y Protección a la Ciudadanía,Juntas vecinales.,DPSVDMJ/08,Dirección de Prevención del Delito,Presencial,Artículos 3~~ 5~~ 11 Fracc. III~~ 14 Lpsvdnl; Artículos 43 y 46 Rogm Juárez N.L.~~ Artículos 1~~ 2~~ 3~~ 5~~ 7~~ 8 y demás relativos del Reglamento para la Prevención Social de la Violencia y la Delincuencia para el Municipio de Juárez.,Reunir a los ciudadanos en un punto estratégico para escuchar sus solicitudes y canalizarlas a las instituciones competentes~~ así disminuyendo las situaciones de riesgo en su comunidad.,Información.,Cuando la comunidad lo requiera.,Habitantes del municipio.,Monto asignado por la dirección de ingresos.,1 hora.,Ninguno.,Acreditar ser habitante del municipio de Juárez~~ N.L.,,Directora de Prevención Social de la Violencia y la Delincuencia.,Directora de Prevención Social de la Violencia y la Delincuencia.,Paso 1: Recepción.||Paso 2: Coordinación.||Paso 3: Evaluación de Solicitudes.||Paso 4: Canalización de Solicitudes.||Paso 5: Seguimiento.,1u6EpV-1UXgnBg7NghnPHhRoRUe2KzqCR,51
Secretaría de Seguridad y Protección a la Ciudadanía,Licencia de conducir.,DVTMJ/02,Dirección de Tránsito,Presencial,Art. 107 Reglamento de Transito Homologado.,Trámite para obtener la autorización de licencia de conducir~~ evaluando la capacidad del solicitante a través de exámenes teóricos y prácticos.,Boleta de autorización de licencia de conducir.,Cuando requiera conducir un vehículo.,Ciudadanos residentes del municipio y a partir de los 16 años.,Gratuito.,15-20 minutos.,Cumplir con los requisitos~~ aprobar exámenes teórico y práctico.,Mayores de 18 años: 3 fotos infantil a color~~ comprobante de domicilio (agua~~ luz o gas no mayor a tres meses) credencial de elector (mpio Juárez)~~ CURP~~ estado de buena salud.||16 y 17 años: 3 fotos infantil a color~~ identificación con foto~~ comprobante de domicilio (agua~~ luz o gas no mayor a tres meses)~~ acta de nacimiento~~ CURP~~ estado de buena salud~~ carta responsiva (acompañado de mamá o papá con INE de Juárez).,1 copia.,Oficial de Transito.,Oficial de Transito.,Paso 1: Presentarse de 08:00 a 15:00 Hrs~~ Entrega de Requisitos.||Paso 2: Aplicación de Exámenes.||Paso 3: Aprobados Se Le Entrega la Autorización de Licencia.||Paso 4: Realizar Pago Municipal y Pasar Al Instituto de Control Vehicular del Estado para Su Entrega.,1-65UV1uCRQcbAli0Cfw-_jD6uSLJuBMI,52
Secretaría de Seguridad y Protección a la Ciudadanía,Limpieza de espacios públicos.,DPSVDMJ/09,Dirección de Prevención del Delito,Presencial,Artículos 3~~ 5~~ 11 Fracc. III~~ 14 Lpsvdnl; Artículo 43 y 46 Rogm Juárez N.L.~~ Artículos 1~~ 2~~ 3~~ 5~~ 7~~ 8 y demás relativos del Reglamento para la Prevención Social de la Violencia y la Delincuencia para el Municipio de Juárez.,Participar en conjunto con la ciudadanía en la limpieza de espacios públicos que se consideren un factor de riesgo.,Apoyo para realizar limpieza de un espacio considerado de riesgo para la comunidad.,Horario de oficina.,Ciudadanos del municipio.,Gratuito.,Según dimensión del espacio.,El espacio a trabajar deberá ser público~~ dentro del territorio municipal y que represente riesgo a la comunidad.,,,Directora de Prevención Social de la Violencia y la Delincuencia.,Directora de Prevención Social de la Violencia y la Delincuencia.,Paso 1: Recepción.||Paso 2: Coordinación.||Paso 3: Evaluación de Necesidades.||Paso 4: Organización de la Actividad.||Paso 5: Ejecución y Seguimiento de la Limpieza.,1_2ySKbtf13RZWKocWmCBS3yzBtgHF2dg,53
Secretaría de Seguridad y Protección a la Ciudadanía,Mediación y consejería.,DPSVDMJ/04,Dirección de Prevención del Delito,Presencial,Artículos 3~~ 5~~ 11 Fracc. III~~ 14 Lpsvdnl; Artículo 43 y 46 Rogm Juárez N.L.; Artículos 1~~ 2~~ 3~~ 5~~ 7~~ 8 y demás relativos del Reglamento para la Prevención Social de la Violencia y la Delincuencia para el Municipio de Juárez.,Convocar y reunir a la comunidad en un punto estratégico para promover la mediación como solución a conflictos vecinales y familiares~~ e incrementar la buena convivencia entre los habitantes.,Información.,Cuando la comunidad lo requiera.,Habitantes del municipio.,Bajo costo.,1 hora.,Ninguno.,Acreditar ser habitante del municipio de Juárez~~ N.L.,,Directora de Prevención Social de la Violencia y la Delincuencia.,Directora de Prevención Social de la Violencia y la Delincuencia.,Paso 1: Recepción.||Paso 2: Trabajo Social.||Paso 3: Revisión de Papelería.||Paso 4: Estudio Socioeconómico.||Paso 5: Se Solicita Papelería Completa para Brindar Servicio/Se Abre Expediente y Se Da Servicio.,1nibnqNsMVJAnGvsMh1ntxKUGY1Pjwn3J,54
Secretaría de Desarrollo Social y Humano,Laboratorios clínicos.,SSMJ/04,Dirección de la Salud,Presencial,Plan Municipal de Desarrollo para el Gobierno Municipal Periodo 2021-2024.,Realizar laboratorios clínicos expedidos por médico general.,Resultados de laboratorio.,Cuando el médico general lo solicite.,El paciente que acude a la Ciudad de la Salud para que se le realicen los laboratorios que le haya pedido el médico general.,Según infracciones cometidas.,10 minutos por prueba.,El paciente acude a la ciudad de la salud para que se le realicen los laboratorios.,Acreditar ser habitante del municipio de Juárez~~ N.L.,1 copia.,Auxiliar de Oficina.,Auxiliar de Oficina.,Paso 1: El paciente se presenta a la Ciudad de la Salud externando el motivo de la visita.||Paso 2: Comprueba ser habitante del municipio de Juárez~~ N.L.||Paso 3: Le toman los datos para proceder a hacerle un expediente y darle ficha.||Paso 4: Los enfermeros pasan al paciente por número de ficha para la toma de signos y le pasan el expediente al doctor.||Paso 5: El doctor manda al paciente a realizarse estudios.||Paso 6: Se presenta el día martes o jueves en ayunas a las 8 am con la receta de los estudios que se va a realizar.||Paso 7: Se entrega un número de folio para la entrega de los resultados.||Paso 8: Enfermería los manda llamar para el llenado de formato de laboratorio.||Paso 9: Le entregan los resultados al día siguiente.,1oHx5EYVsaetkA1b8ex1z4DsLPZR038GH,55
Secretaría de Seguridad y Protección a la Ciudadanía,Peritajes.,DVTMJ/03,Dirección de Tránsito,Presencial,Art. 134 Reglamento Homologado de Tránsito.,Liberación de vehículo detenido por infracciones de tránsito.,Hoja de liberación de vehículo.,Cuando se encuentre detenido el vehículo.,Propietario y/o representante legal.,Gratuito.,15-20 minutos.,Cumplir con los requisitos.,Credencial de elector.||Licencia.||Factura.||Póliza de seguro.||Comprobante de domicilio.||Poder (si es de empresa).,1 copia.,Oficial de Crucero.,Oficial de Crucero.,Paso 1: El paciente se presenta a la Ciudad de la Salud externando el motivo de la visita.||Paso 2: Comprueba ser habitante del municipio de Juárez~~ N.L.||Paso 3: Se toman los datos para proceder a hacerle un expediente y darle ficha.||Paso 4: Los enfermeros pasan al paciente por número de ficha para la toma de signos y le pasan el expediente al doctor.||Paso 5: El doctor manda al paciente a realizarse estudios.||Paso 6: Se presenta el día martes o jueves en ayunas a las 8 am con la receta de los estudios que se va a realizar.||Paso 7: Se entrega un número de folio para la entrega de los resultados.||Paso 8: Enfermería los manda llamar para el llenado de formato de laboratorio.||Paso 9: Le entregan los resultados al día siguiente.,1gfD4oQt_gR0gLd4n3eLUeu86krChDzk7,56
Secretaría de Seguridad y Protección a la Ciudadanía,Pláticas preventivas.,DPSVDMJ/06,Dirección de Prevención del Delito,Presencial,Artículos 3~~ 5~~ 11 Fracc. III~~ 14 Lpsvdnl; Artículo 43 y 46 Rogm Juárez N.L.~~ Artículos 1~~ 2~~ 3~~ 5~~ 7~~ 8 y demás relativos del Reglamento para la Prevención Social de la Violencia y la Delincuencia para el Municipio de Juárez~~ N.L.,Impartir pláticas preventivas con la finalidad de fortalecer la capacidad de resiliencia contra factores de riesgo.,Información.,Cuando la institución educativa lo requiera.,Directivos de cualquier institución educativa del municipio.,Gratuito.,45 minutos.,Ninguno.,,,Directora de Prevención Social de la Violencia y la Delincuencia.,Directora de Prevención Social de la Violencia y la Delincuencia.,Paso 1: Se presenta el interesado solicitando la plática.||Paso 2: Comprueba ser habitante del municipio de Juárez~~ N.L.||Paso 3: Se agenda y se lleva a cabo la plática preventiva.,1T-Wmwm3epNH-1e6z20Hb2EtH76V1B0sL,57
Secretaría de Seguridad y Protección a la Ciudadanía,Prevención de adicciones.,DPSVDMJ/15,Dirección de Prevención del Delito,Presencial,Artículos 3~~ 5~~ 11 Fracc. III~~ 14 Lpsvdnl; Artículos 43 y 46 Rogm Juárez N.L.~~ Artículos 1~~ 2~~ 3~~ 5~~ 7~~ 8 y demás relativos del Reglamento para la Prevención Social de la Violencia y la Delincuencia para el Municipio de Juárez~~ N.L.,Brindar información a los adolescentes del municipio con el apoyo de material audiovisual~~ con el fin de disminuir los índices de drogadicción y/o conductas antisociales.,Información.,Cuando la institución educativa lo requiera.,Directivos de cualquier institución educativa del municipio.,Gratuito.,45 minutos.,Ninguno.,,,Directora de Prevención Social de la Violencia y la Delincuencia.,Directora de Prevención Social de la Violencia y la Delincuencia.,,1T-Wmwm3epNH-1e6z20Hb2EtH76V1B0sL,58
Secretaría de Seguridad y Protección a la Ciudadanía,Prevención de la violencia.,DPSVDMJ/16,Dirección de Prevención del Delito,Presencial,Artículos 3~~ 5~~ 11 Fracc. III~~ 14 Lpsvdnl; Artículo 43 y 46 Rogm Juárez N.L.~~ Artículos 1~~ 2~~ 3~~ 5~~ 7~~ 8 y demás relativos del Reglamento para la Prevención Social de la Violencia y la Delincuencia para el Municipio de Juárez~~ N.L.,Brindar herramientas teórico-prácticas a las y los participantes para el abordaje preventivo y de atención a la violencia familiar.,Información.,Cuando la comunidad lo requiera.,Dirigido principalmente a habitantes de las colonias con mayor índice de violencia.,Gratuito.,1 hora.,Ninguno.,,,Directora de Prevención Social de la Violencia y la Delincuencia.,Directora de Prevención Social de la Violencia y la Delincuencia.,,1T-Wmwm3epNH-1e6z20Hb2EtH76V1B0sL,59
Secretaría de Seguridad y Protección a la Ciudadanía,Programa de educación.,DPSVDMJ/14,Dirección de Prevención del Delito,Presencial,Artículos 3~~ 5~~ 11 Fracc. III~~ 14 Lpsvdnl; Artículos 43 y 46 Rogm Juárez N.L.~~ Artículos 1~~ 2~~ 3~~ 5~~ 7~~ 8 y demás relativos del Reglamento para la Prevención Social de la Violencia y la Delincuencia para el Municipio de Juárez~~ N.L.,Colaborar con el instituto nacional de la educación para los adultos (inea) con el fin de invitar a los jóvenes que lo necesiten a participar en el proyecto.,Información.,Cuando requieran continuar y concluir sus estudios.,Personas mayores de 15 años~~ habitantes del municipio.,Gratuito.,6 meses.,Cumplir con los documentos y ser habitante del municipio.,Identificación oficial.||Comprobante de domicilio.||Comprobante del último grado de estudios.||Acta de nacimiento.||CURP.,1 copia.,Directora de Prevención Social de la Violencia y la Delincuencia.,Directora de Prevención Social de la Violencia y la Delincuencia.,,1T-Wmwm3epNH-1e6z20Hb2EtH76V1B0sL,60
Secretaría de Seguridad y Protección a la Ciudadanía,Seguimiento a reportes de violencia familiar.,DPSVDMJ/10,Dirección de Prevención del Delito,Presencial,Artículos 3~~ 5~~ 11 Fracc. III~~ 14 Lpsvdnl; Artículo 43 y 46 Rogm Juárez N.L.~~ Artículos 1~~ 2~~ 3~~ 5~~ 7~~ 8 y demás relativos del Reglamento para la Prevención Social de la Violencia y la Delincuencia para el Municipio de Juárez~~ N.L.,Realizar visita en el domicilio de la víctima~~ acompañado de abogado~~ psicólogo o trabajador social~~ con apoyo de un oficial de policía para realizar un oportuno seguimiento.,Orientación y canalización.,En situaciones de riesgo.,Ciudadanos.,Gratuito.,30 minutos.,Ninguno.,,,Directora de Prevención Social de la Violencia y la Delincuencia.,Directora de Prevención Social de la Violencia y la Delincuencia.,,13WgIHW8rNYX1l_34go1eX7XZ70wtYXNV,61
Secretaría de Seguridad y Protección a la Ciudadanía,Unidad de atención inmediata a víctimas de la violencia familiar.,DPSVDMJ/01,Dirección de Prevención del Delito,Presencial,Artículos 3~~ 5~~ 11 Fracc. III~~ 14 Lpsvdnl; Artículos 43 y 46 Rogm Juárez N.L.~~ Artículos 1~~ 2~~ 3~~ 5~~ 7~~ 8 y demás relativos del Reglamento para la Prevención Social de la Violencia y la Delincuencia para el Municipio de Juárez~~ N.L.,Atención las 24 horas del día~~ con el apoyo de oficiales de policía y un licenciado adscrito a la dirección capacitado en la resolución de conflictos~~ acudiendo al lugar donde se generan los reportes de violencia.,Auxilio inmediato y orientación.,En situaciones de riesgo.,Ciudadanos.,Gratuito.,Respuesta inmediata.,Que sea un reporte realizado al 911.,,,Directora de Prevención Social de la Violencia y la Delincuencia.,Directora de Prevención Social de la Violencia y la Delincuencia.,,13WgIHW8rNYX1l_34go1eX7XZ70wtYXNV,62